[
  {
    "tags": [
      {
        "type": "copyright",
        "string": "2011-2014 Intel"
      },
      {
        "type": "author",
        "string": "Intel"
      },
      {
        "type": "version",
        "string": "3.0"
      }
    ],
    "description": {
      "full": "<p>appframework.ui - A User Interface library for App Framework applications</p>",
      "summary": "<p>appframework.ui - A User Interface library for App Framework applications</p>",
      "body": ""
    },
    "isPrivate": false,
    "ignore": false
  },
  {
    "tags": [],
    "description": {
      "full": "<p>global FastClick</p>",
      "summary": "<p>global FastClick</p>",
      "body": ""
    },
    "ignore": false
  },
  {
    "tags": [],
    "description": {
      "full": "<p>jshint camelcase:false</p>",
      "summary": "<p>jshint camelcase:false</p>",
      "body": ""
    },
    "ignore": false,
    "code": "(function($) {\n    \"use strict\";\n    var startPath = window.location.pathname + window.location.search;\n    var defaultHash = window.location.hash;\n    var previousTarget = defaultHash;\n    var AFUi = function() {\n        // Init the page\n        var that = this;\n\n\n        if (typeof define === \"function\" && define.amd) {\n            that.autoLaunch=false;\n            define(\"appframeworkui\", [], function() {\n                return $.afui;\n            });\n        } else if (typeof module !== \"undefined\" && module.exports) {\n            that.autoLaunch=false;\n            $.afui = that;\n        }\n\n        var setupAFDom = function() {\n            setupCustomTheme();\n            if(window.FastClick)\n                FastClick.attach(document.documentElement);\n        };\n\n        if (document.readyState === \"complete\" || document.readyState === \"loaded\") {\n            setupAFDom();\n            if(that.init)\n                that.autoBoot();\n            else{\n                $(window).one(\"afui:init\", function() {\n                    that.autoBoot();\n                });\n            }\n        } else $(document).ready(\n            function() {\n                setupAFDom();\n                if(that.init)\n                    that.autoBoot();\n                else{\n                    $(window).one(\"afui:init\", function() {\n                        that.autoBoot();\n                    });\n                }\n            },\n        false);\n\n        //click back event\n        window.addEventListener(\"popstate\", function() {\n\n            if(!that.useInternalRouting) return;\n            var id = that.getPanelId(document.location.hash);\n            var hashChecker = document.location.href.replace(document.location.origin + \"/\", \"\");\n            //make sure we allow hash changes outside afui\n\n            if (hashChecker === \"#\") return;\n            if (id === \"\" && that.history.length === 1) //Fix going back to first panel and an empty hash\n                id = \"#\" + that.firstPanel.id;\n            if (id === \"\") return;\n            if (af(id).filter(\".panel\").length === 0) return;\n\n            if (id !== \"#\" + that.activeDiv.id) that.goBack();\n\n        }, false);\n\n\n        window.addEventListener(\"orientationchange\",function(){\n            window.scrollTo(0, 0);\n        });\n\n        function setupCustomTheme() {\n\n            if (that.useOSThemes) {\n                var $el=$(document.body);\n                $el.removeClass(\"ios ios7 win8 tizen bb android light dark firefox\");\n                if ($.os.android)\n                    $el.addClass(\"android\");\n                else if ($.os.ie) {\n                    $el.addClass(\"win8\");\n                } else if ($.os.blackberry||$.os.blackberry10||$.os.playbook) {\n                    $el.addClass(\"bb\");\n                    that.backButtonText = \"Back\";\n                } else if ($.os.ios7){\n                    $el.addClass(\"ios7\");\n                } else if ($.os.ios)\n                    $el.addClass(\"ios7\");\n                else if($.os.tizen)\n                    $el.addClass(\"tizen\");\n                else if($.os.fennec)\n                    $el.addClass(\"firefox\");\n            }\n            if($.os.ios7&&that.overlayStatusbar){\n                that.ready(function(){\n                    $(document.body).addClass(\"overlayStatusbar\");\n                });\n            }\n        }\n    };\n\n\n    var clickHandlers=[];\n    AFUi.prototype = {\n        init:false,\n        showLoading: true,\n        loadingText: \"Loading Content\",\n        remotePages: {},\n        history: [],\n        views:{},\n        _readyFunc: null,\n        doingTransition: false,\n        ajaxUrl: \"\",\n        transitionType: \"slide\",\n        firstPanel: \"\",\n        hasLaunched: false,\n        isLaunching:false,\n        launchCompleted: false,\n        activeDiv: \"\",\n        customClickHandler: \"\",\n        useOSThemes: true,\n        overlayStatusbar: false,\n        useAutoPressed: true,\n        useInternalRouting:true,\n        autoBoot: function() {\n            this.hasLaunched = true;\n            if (this.autoLaunch) {\n                this.launch();\n            }\n        },"
  },
  {
    "tags": [
      {
        "type": "api",
        "visibility": "private"
      }
    ],
    "description": {
      "full": "<p>This blocks the page from bouncing on iOS</p>",
      "summary": "<p>This blocks the page from bouncing on iOS</p>",
      "body": ""
    },
    "isPrivate": true,
    "ignore": false,
    "code": "blockPageBounce:function(enable){\n            if(enable===false){\n                window.removeEventListener(\"touchmove\",this.handlePageBounce,false);\n                window.removeEventListener(\"touchstart\",this.handlePageBounce,false);\n                return;\n            }\n\n            window.addEventListener(\"touchmove\",this.handlePageBounce,false);\n            window.addEventListener(\"touchstart\",this.handlePageBounce,false);\n\n        },"
  },
  {
    "tags": [
      {
        "type": "api",
        "visibility": "private"
      }
    ],
    "description": {
      "full": "<p>Handle touch events for scrolling divs</p>",
      "summary": "<p>Handle touch events for scrolling divs</p>",
      "body": ""
    },
    "isPrivate": true,
    "ignore": false,
    "code": "handlePageBounce:function(evt){\n            if(evt.type===\"touchstart\"){\n                this._startTouchY=evt.touches[0].screenY;\n                return;\n            }\n            var panel=$(evt.target).closest(\".panel\");\n            if(panel.length===0) return evt.preventDefault();\n            var el=panel.get(0);\n\n            var canScroll=el.scrollHeight>el.clientHeight;\n            var hasTouchOverflow=$(el).computedStyle(\"-webkit-overflow-scrolling\")===\"touch\";\n            var hasOverflow=$(el).computedStyle(\"overflowY\")!==\"hidden\";\n            var height=parseInt($(el).computedStyle(\"height\"),10);\n            if(canScroll&&hasTouchOverflow&&hasOverflow){\n\n                var currY=evt.touches[0].screenY;\n                var scrollAtTop=((this._startTouchY<=currY)&&(el.scrollTop===0));\n                var scrollAtBottom=((this._startTouchY>=currY)&&((el.scrollHeight-el.scrollTop)===height));\n                if(scrollAtTop||scrollAtBottom)\n                    evt.preventDefault();\n                return;\n            }\n\n        },"
  },
  {
    "tags": [
      {
        "type": "param",
        "types": [
          "string"
        ],
        "name": "selector",
        "description": ""
      },
      {
        "type": "param",
        "types": [
          "function"
        ],
        "name": "callback",
        "description": "to execute"
      },
      {
        "type": "title",
        "string": "$.afui.registerDataDirective"
      }
    ],
    "description": {
      "full": "<p>Register a data directive for a click event.  Plugins use this to allow<br />html based execution (see af.popup.js)<br />         <div class=\"highlight\"><pre lang=\"\">         $.afui.registerDataDirective(\"[data-foo]\",function(){<br />            console.log(\"foo was clicked\");<br />         })<br />         </pre></div></p>",
      "summary": "<p>Register a data directive for a click event.  Plugins use this to allow<br />html based execution (see af.popup.js)<br />         <div class=\"highlight\"><pre lang=\"\">         $.afui.registerDataDirective(\"[data-foo]\",function(){<br />            console.log(\"foo was clicked\");<br />         })<br />         </pre></div></p>",
      "body": ""
    },
    "isPrivate": false,
    "ignore": false,
    "code": "registerDataDirective:function(selector,cb){\n            clickHandlers.push({sel:selector,cb:cb});\n        },"
  },
  {
    "tags": [],
    "description": {
      "full": "<p>This enables the tab bar ability to keep pressed states on elements<br />           <div class=\"highlight\"><pre lang=\"\">           $.afui.enableTabBar();<br />           </pre></div><br />           @title $.afui.enableTabBar</p>",
      "summary": "<p>This enables the tab bar ability to keep pressed states on elements<br />           <div class=\"highlight\"><pre lang=\"\">           $.afui.enableTabBar();<br />           </pre></div><br />           @title $.afui.enableTabBar</p>",
      "body": ""
    },
    "ignore": false,
    "code": "enableTabBar:function(){\n            $(document).on(\"click\",\".button-grouped.tabbed\",function(e){\n                var $el=$(e.target);\n                $el.closest(\".tabbed\").find(\".button\").data(\"ignore-pressed\",\"true\").removeClass(\"pressed\");\n                //this is a hack, but the touchEvents plugin will remove pressed\n                $el.closest(\".button\").addClass(\"pressed\");\n                setTimeout(function(){\n                    $el.closest(\".button\").addClass(\"pressed\");\n                });\n            });\n        },"
  },
  {
    "tags": [
      {
        "type": "title",
        "string": "$.afui.disableTabBar"
      }
    ],
    "description": {
      "full": "<p>This disables the tab bar ability to keep pressed states on elements<br />           <div class=\"highlight\"><pre lang=\"\">           $.afui.disableTabBar();<br />           </pre></div></p>",
      "summary": "<p>This disables the tab bar ability to keep pressed states on elements<br />           <div class=\"highlight\"><pre lang=\"\">           $.afui.disableTabBar();<br />           </pre></div></p>",
      "body": ""
    },
    "isPrivate": false,
    "ignore": false,
    "code": "disableTabBar:function(){\n            $(document).off(\"click\",\".button-grouped.tabbed\");\n            $(\".button-grouped.tabbed .button\").removeAttr(\"data-ignore-pressed\");\n        },"
  },
  {
    "tags": [
      {
        "type": "title",
        "string": "$.afui.manageHistory"
      }
    ],
    "description": {
      "full": "<p>This is a boolean property.   When set to true, we manage history and update the hash<br />             <div class=\"highlight\"><pre lang=\"\">            $.afui.manageHistory=false;//Don't manage for apps using Backbone<br />            </pre></div></p>",
      "summary": "<p>This is a boolean property.   When set to true, we manage history and update the hash<br />             <div class=\"highlight\"><pre lang=\"\">            $.afui.manageHistory=false;//Don't manage for apps using Backbone<br />            </pre></div></p>",
      "body": ""
    },
    "isPrivate": false,
    "ignore": false,
    "code": "manageHistory: true,"
  },
  {
    "tags": [
      {
        "type": "title",
        "string": "$.afui.loadDefaultHash"
      }
    ],
    "description": {
      "full": "<p>This is a boolean property.  When set to true (default) it will load that panel when the app is started<br />           <div class=\"highlight\"><pre lang=\"\">           $.afui.loadDefaultHash=false; //Never load the page from the hash when the app is started<br />           $.afui.loadDefaultHash=true; //Default<br />           </pre></div></p>",
      "summary": "<p>This is a boolean property.  When set to true (default) it will load that panel when the app is started<br />           <div class=\"highlight\"><pre lang=\"\">           $.afui.loadDefaultHash=false; //Never load the page from the hash when the app is started<br />           $.afui.loadDefaultHash=true; //Default<br />           </pre></div></p>",
      "body": ""
    },
    "isPrivate": false,
    "ignore": false,
    "code": "loadDefaultHash: true,"
  },
  {
    "tags": [
      {
        "type": "param",
        "types": [
          "(string",
          "Array.<string>)"
        ],
        "name": "links",
        "description": ""
      },
      {
        "type": "title",
        "string": "$.afui.actionsheet()"
      }
    ],
    "description": {
      "full": "<p>This is a shorthand call to the $.actionsheet plugin.  We wire it to the afui div automatically<br />           <div class=\"highlight\"><pre lang=\"\">           $.afui.actionsheet(\"<a href='javascript:;' class='button'>Settings</a> <a href='javascript:;' class='button red'>Logout</a>\")<br />           $.afui.actionsheet(\"[{<br />                        text: 'back',<br />                        cssClasses: 'red',<br />                        handler: function () { $.afui.goBack(); ; }<br />                    }, {<br />                        text: 'show alert 5',<br />                        cssClasses: 'blue',<br />                        handler: function () { alert(\"hi\"); }<br />                    }, {<br />                        text: 'show alert 6',<br />                        cssClasses: '',<br />                        handler: function () { alert(\"goodbye\"); }<br />                    }]\");<br />           </pre></div></p>",
      "summary": "<p>This is a shorthand call to the $.actionsheet plugin.  We wire it to the afui div automatically<br />           <div class=\"highlight\"><pre lang=\"\">           $.afui.actionsheet(\"<a href='javascript:;' class='button'>Settings</a> <a href='javascript:;' class='button red'>Logout</a>\")<br />           $.afui.actionsheet(\"[{<br />                        text: 'back',<br />                        cssClasses: 'red',<br />                        handler: function () { $.afui.goBack(); ; }<br />                    }, {<br />                        text: 'show alert 5',<br />                        cssClasses: 'blue',<br />                        handler: function () { alert(\"hi\"); }<br />                    }, {<br />                        text: 'show alert 6',<br />                        cssClasses: '',<br />                        handler: function () { alert(\"goodbye\"); }<br />                    }]\");<br />           </pre></div></p>",
      "body": ""
    },
    "isPrivate": false,
    "ignore": false,
    "code": "actionsheet: function(opts) {\n            return $.query(document.body).actionsheet(opts);\n        },"
  },
  {
    "tags": [
      {
        "type": "param",
        "types": [
          "(object",
          "string)"
        ],
        "name": "options",
        "description": ""
      },
      {
        "type": "title",
        "string": "$.afui.popup(opts)"
      }
    ],
    "description": {
      "full": "<p>This is a wrapper to $.popup.js plugin.  If you pass in a text string, it acts like an alert box and just gives a message<br />           <div class=\"highlight\"><pre lang=\"\">           $.afui.popup(opts);<br />           $.afui.popup( {<br />                        title:\"Alert! Alert!\",<br />                        message:\"This is a test of the emergency alert system!! Don't PANIC!\",<br />                        cancelText:\"Cancel me\",<br />                        cancelCallback: function(){console.log(\"cancelled\");},<br />                        doneText:\"I'm done!\",<br />                        doneCallback: function(){console.log(\"Done for!\");},<br />                        cancelOnly:false<br />                      });<br />           $.afui.popup('Hi there');<br />           </pre></div></p>",
      "summary": "<p>This is a wrapper to $.popup.js plugin.  If you pass in a text string, it acts like an alert box and just gives a message<br />           <div class=\"highlight\"><pre lang=\"\">           $.afui.popup(opts);<br />           $.afui.popup( {<br />                        title:\"Alert! Alert!\",<br />                        message:\"This is a test of the emergency alert system!! Don't PANIC!\",<br />                        cancelText:\"Cancel me\",<br />                        cancelCallback: function(){console.log(\"cancelled\");},<br />                        doneText:\"I'm done!\",<br />                        doneCallback: function(){console.log(\"Done for!\");},<br />                        cancelOnly:false<br />                      });<br />           $.afui.popup('Hi there');<br />           </pre></div></p>",
      "body": ""
    },
    "isPrivate": false,
    "ignore": false,
    "code": "popup: function(opts) {\n            return $.query(document.body).popup(opts);\n        },"
  },
  {
    "tags": [
      {
        "type": "param",
        "types": [
          "string"
        ],
        "name": "id",
        "description": "of drawer"
      },
      {
        "type": "param",
        "types": [
          "string"
        ],
        "name": "position",
        "description": "(left|right)"
      },
      {
        "type": "param",
        "types": [
          "string"
        ],
        "name": "transition",
        "description": "(push, cover, reveal)"
      },
      {
        "type": "title",
        "string": "$.afui.drawer.show"
      }
    ],
    "description": {
      "full": "<p>This is a reference to the drawer plugin.<br />           <div class=\"highlight\"><pre lang=\"\">            $.afui.drawer.show('#left','left','reveal')<br />           </pre></div></p>",
      "summary": "<p>This is a reference to the drawer plugin.<br />           <div class=\"highlight\"><pre lang=\"\">            $.afui.drawer.show('#left','left','reveal')<br />           </pre></div></p>",
      "body": ""
    },
    "isPrivate": false,
    "ignore": false
  },
  {
    "tags": [
      {
        "type": "param",
        "types": [
          "number"
        ],
        "name": "opacity",
        "description": ""
      },
      {
        "type": "title",
        "string": "$.afui.blockUI(opacity)"
      }
    ],
    "description": {
      "full": "<p>This will throw up a mask and block the UI<br />         <div class=\"highlight\"><pre lang=\"\">         $.afui.blockUI(.9)<br />         </pre></div>`</p>",
      "summary": "<p>This will throw up a mask and block the UI<br />         <div class=\"highlight\"><pre lang=\"\">         $.afui.blockUI(.9)<br />         </pre></div>`</p>",
      "body": ""
    },
    "isPrivate": false,
    "ignore": false,
    "code": "blockUI: function(opacity) {\n            $.blockUI(opacity);\n        },"
  },
  {
    "tags": [
      {
        "type": "title",
        "string": "$.afui.unblockUI()"
      }
    ],
    "description": {
      "full": "<p>This will remove the UI mask<br />         <div class=\"highlight\"><pre lang=\"\">         $.afui.unblockUI()<br />         </pre></div>`</p>",
      "summary": "<p>This will remove the UI mask<br />         <div class=\"highlight\"><pre lang=\"\">         $.afui.unblockUI()<br />         </pre></div>`</p>",
      "body": ""
    },
    "isPrivate": false,
    "ignore": false,
    "code": "unblockUI: function() {\n            $.unblockUI();\n        },"
  },
  {
    "tags": [
      {
        "type": "title",
        "string": "$.afui.autoLaunch"
      }
    ],
    "description": {
      "full": "<p>Boolean if you want to auto launch afui<br />           <div class=\"highlight\"><pre lang=\"\">           $.afui.autoLaunch = false; //<br />           </pre></div></p>",
      "summary": "<p>Boolean if you want to auto launch afui<br />           <div class=\"highlight\"><pre lang=\"\">           $.afui.autoLaunch = false; //<br />           </pre></div></p>",
      "body": ""
    },
    "isPrivate": false,
    "ignore": false,
    "code": "autoLaunch: true,"
  },
  {
    "tags": [
      {
        "type": "param",
        "types": [
          "function"
        ],
        "name": "param",
        "description": "function to execute"
      },
      {
        "type": "title",
        "string": "$.afui.ready"
      }
    ],
    "description": {
      "full": "<p>function to fire when afui is ready and completed launch<br />           <div class=\"highlight\"><pre lang=\"\">           $.afui.ready(function(){console.log('afui is ready');});<br />           </pre></div></p>",
      "summary": "<p>function to fire when afui is ready and completed launch<br />           <div class=\"highlight\"><pre lang=\"\">           $.afui.ready(function(){console.log('afui is ready');});<br />           </pre></div></p>",
      "body": ""
    },
    "isPrivate": false,
    "ignore": false,
    "code": "ready: function(param) {\n            if (this.launchCompleted)\n                param();\n            else {\n                $(document).one(\"afui:ready\", function() {\n                    param();\n                });\n            }\n        },"
  },
  {
    "tags": [
      {
        "type": "title",
        "string": "$.afui.goBack()"
      },
      {
        "type": "param",
        "types": [
          "number="
        ],
        "name": "delta",
        "description": "relative position from the last element (> 0)"
      }
    ],
    "description": {
      "full": "<p>Initiate a back transition<br />           <div class=\"highlight\"><pre lang=\"\">           $.afui.goBack()<br />           </pre></div></p>",
      "summary": "<p>Initiate a back transition<br />           <div class=\"highlight\"><pre lang=\"\">           $.afui.goBack()<br />           </pre></div></p>",
      "body": ""
    },
    "isPrivate": false,
    "ignore": false,
    "code": "goBack: function(e) {\n            //find the view\n            var view=$(this.activeDiv).closest(\".view\");\n            if(e&&e.target)\n                view=$(e.target).closest(\".view\");\n\n            if(view.length===0) return;\n\n            //history entry\n            if(!this.views[view.prop(\"id\")]) return;\n            var hist=this.views[view.prop(\"id\")];\n\n            if(hist.length===0) return;\n            var item=hist.pop();\n\n            if(item.length===0) return;\n            if(hist.length>0){\n\n                var toTarget=hist[hist.length-1].target;\n                if(!toTarget||item.target===toTarget) return;\n                this.runTransition(item.transition,item.target,toTarget,true);\n                this.loadContentData(toTarget,view,true);\n\n                this.updateHash(toTarget.id);\n            }\n            else {\n                //try to dismiss the view\n                try{\n                    this.dismissView(item.target,item.transition);\n                }\n                catch(ex){\n                }\n\n            }\n        },"
  },
  {
    "tags": [
      {
        "type": "title",
        "string": "$.afui.clearHistory()"
      }
    ],
    "description": {
      "full": "<p>Clear the history queue for the current view based off the active div<br />           <div class=\"highlight\"><pre lang=\"\">           $.afui.clearHistory()<br />           </pre></div></p>",
      "summary": "<p>Clear the history queue for the current view based off the active div<br />           <div class=\"highlight\"><pre lang=\"\">           $.afui.clearHistory()<br />           </pre></div></p>",
      "body": ""
    },
    "isPrivate": false,
    "ignore": false,
    "code": "clearHistory: function() {\n            //find the view\n            var view=this.findViewTarget(this.activeDiv);\n            this.views[view.prop(\"id\")]=[];\n            this.setBackButtonVisibility(false);\n        },"
  },
  {
    "tags": [
      {
        "type": "api",
        "visibility": "private"
      },
      {
        "type": "title",
        "string": "$.afui.pushHistory()"
      }
    ],
    "description": {
      "full": "<p>PushHistory<br />           <div class=\"highlight\"><pre lang=\"\">           $.afui.pushHistory(previousPage, newPage, transition, hashExtras)<br />           </pre></div></p>",
      "summary": "<p>PushHistory<br />           <div class=\"highlight\"><pre lang=\"\">           $.afui.pushHistory(previousPage, newPage, transition, hashExtras)<br />           </pre></div></p>",
      "body": ""
    },
    "isPrivate": true,
    "ignore": false,
    "code": "pushHistory: function(previousPage, newPage, transition, hashExtras) {\n            //push into local history\n\n\n            //push into the browser history\n            try {\n                if (!this.manageHistory) return;\n                window.history.pushState(newPage, newPage, startPath + \"#\" + newPage + hashExtras);\n                $(window).trigger(\"hashchange\", null, {\n                    newUrl: startPath + \"#\" + newPage + hashExtras,\n                    oldUrl: startPath + previousPage\n                });\n            } catch (e) {}\n        },"
  },
  {
    "tags": [
      {
        "type": "param",
        "types": [
          "string"
        ],
        "name": "newHash",
        "description": "New Hash value"
      },
      {
        "type": "title",
        "string": "$.afui.updateHash(newHash)"
      },
      {
        "type": "api",
        "visibility": "private"
      }
    ],
    "description": {
      "full": "<p>Updates the current window hash</p>",
      "summary": "<p>Updates the current window hash</p>",
      "body": ""
    },
    "isPrivate": true,
    "ignore": false,
    "code": "updateHash: function(newHash) {\n            if (!this.manageHistory) return;\n            newHash = newHash.indexOf(\"#\") === -1 ? \"#\" + newHash : newHash; //force having the # in the begginning as a standard\n            previousTarget = newHash;\n\n            var previousHash = window.location.hash;\n            var panelName = this.getPanelId(newHash).substring(1); //remove the #\n            try {\n                window.history.replaceState(panelName, panelName, startPath + newHash);\n                $(window).trigger(\"hashchange\", null, {\n                    newUrl: startPath + newHash,\n                    oldUrl: startPath + previousHash\n                });\n            } catch (e) {}\n        },"
  },
  {
    "tags": [
      {
        "type": "api",
        "visibility": "private"
      }
    ],
    "description": {
      "full": "<p>gets the panel name from an hash</p>",
      "summary": "<p>gets the panel name from an hash</p>",
      "body": ""
    },
    "isPrivate": true,
    "ignore": false,
    "code": "getPanelId: function(hash) {\n            var firstSlash = hash.indexOf(\"/\");\n            return firstSlash === -1 ? hash : hash.substring(0, firstSlash);\n        },"
  },
  {
    "tags": [
      {
        "type": "param",
        "types": [
          "string"
        ],
        "name": "text",
        "description": ""
      },
      {
        "type": "title",
        "string": "$.afui.setBackButtonText(title)"
      }
    ],
    "description": {
      "full": "<p>set the back button text<br />           <div class=\"highlight\"><pre lang=\"\">           $.afui.setBackButtonText(\"about\");<br />           </pre></div></p>",
      "summary": "<p>set the back button text<br />           <div class=\"highlight\"><pre lang=\"\">           $.afui.setBackButtonText(\"about\");<br />           </pre></div></p>",
      "body": ""
    },
    "isPrivate": false,
    "ignore": false,
    "code": "setBackButtonText:function(text){\n            $(this.activeDiv).parent().find(\"header .backButton\").html(text);\n        },"
  },
  {
    "tags": [
      {
        "type": "param",
        "types": [
          "string",
          "object"
        ],
        "name": "String",
        "description": "or DOM node to get the title from"
      },
      {
        "type": "title",
        "string": "$.afui.setTitle"
      }
    ],
    "description": {
      "full": "<p>Set the title of the active header from<br />         <div class=\"highlight\"><pre lang=\"\">         $.afui.setTitle(\"New Title\")<br />         </pre></div></p>",
      "summary": "<p>Set the title of the active header from<br />         <div class=\"highlight\"><pre lang=\"\">         $.afui.setTitle(\"New Title\")<br />         </pre></div></p>",
      "body": ""
    },
    "isPrivate": false,
    "ignore": false,
    "code": "setTitle:function(item){\n            //find the header\n            var title=\"\";\n            if(typeof(item)===\"string\"){\n                title=item;\n                item=$(this.activeDiv).closest(\".view\");\n            }\n            else if($(item).attr(\"data-title\"))\n                title=$(item).attr(\"data-title\");\n            else if($(item).attr(\"title\"))\n                title=$(item).attr(\"title\");\n\n            if(title)\n                $(item).closest(\".view\").children(\"header\").find(\"h1\").html(title);\n\n        },"
  },
  {
    "tags": [
      {
        "type": "title",
        "string": "$.afui.getTitle"
      }
    ],
    "description": {
      "full": "<p>Get the title of the active header<br />         <div class=\"highlight\"><pre lang=\"\">         $.afui.getTitle()<br />         </pre></div></p>",
      "summary": "<p>Get the title of the active header<br />         <div class=\"highlight\"><pre lang=\"\">         $.afui.getTitle()<br />         </pre></div></p>",
      "body": ""
    },
    "isPrivate": false,
    "ignore": false,
    "code": "getTitle:function(){\n            return $(this.activeDiv).closest(\".view\").children(\"header\").find(\"h1\").html();\n        },"
  },
  {
    "tags": [
      {
        "type": "param",
        "types": [
          "boolean"
        ],
        "name": "Boolean",
        "description": "to set the visibility. true show, false hide"
      },
      {
        "type": "title",
        "string": "$.afui.setBackButtonVisbility"
      }
    ],
    "description": {
      "full": "<p>Set the visibility of the back button for the current header<br />         <div class=\"highlight\"><pre lang=\"\">         $.afui.setBackButtonVisbility(true)<br />         </pre></div></p>",
      "summary": "<p>Set the visibility of the back button for the current header<br />         <div class=\"highlight\"><pre lang=\"\">         $.afui.setBackButtonVisbility(true)<br />         </pre></div></p>",
      "body": ""
    },
    "isPrivate": false,
    "ignore": false,
    "code": "setBackButtonVisibility:function(what){\n            var visibility=what?\"visibile\":\"hidden\";\n            $(this.activeDiv).closest(\".view\").children(\"header\").find(\".backButton\").css(\"visibility\",visibility);\n        },"
  },
  {
    "tags": [
      {
        "type": "param",
        "types": [
          "string"
        ],
        "name": "target",
        "description": ""
      },
      {
        "type": "param",
        "types": [
          "string"
        ],
        "name": "value",
        "description": ""
      },
      {
        "type": "param",
        "types": [
          "string="
        ],
        "name": "position",
        "description": ""
      },
      {
        "type": "param",
        "types": [
          "(string=",
          "object)"
        ],
        "name": "color",
        "description": "Color or CSS hash"
      },
      {
        "type": "title",
        "string": "$.afui.updateBadge(target,value,[position],[color])"
      }
    ],
    "description": {
      "full": "<p>Update a badge on the selected target.  Position can be<br />            bl = bottom left<br />            tl = top left<br />            br = bottom right<br />            tr = top right (default)<br />           <div class=\"highlight\"><pre lang=\"\">           $.afui.updateBadge(\"#mydiv\",\"3\",\"bl\",\"green\");<br />           </pre></div></p>",
      "summary": "<p>Update a badge on the selected target.  Position can be<br />            bl = bottom left<br />            tl = top left<br />            br = bottom right<br />            tr = top right (default)<br />           <div class=\"highlight\"><pre lang=\"\">           $.afui.updateBadge(\"#mydiv\",\"3\",\"bl\",\"green\");<br />           </pre></div></p>",
      "body": ""
    },
    "isPrivate": false,
    "ignore": false,
    "code": "updateBadge: function(target, value, position, color) {\n            if (position === undefined) position = \"\";\n\n            var $target = $(target);\n            var badge = $target.find(\"span.af-badge\");\n\n            if (badge.length === 0) {\n                if ($target.css(\"position\") !== \"absolute\") $target.css(\"position\", \"relative\");\n                badge = $.create(\"span\", {\n                    className: \"af-badge \" + position,\n                    html: value\n                });\n                $target.append(badge);\n            } else badge.html(value);\n            badge.removeClass(\"tl bl br tr\");\n            badge.addClass(position);\n            if (color === undefined)\n                color = \"red\";\n            if ($.isObject(color)) {\n                badge.css(color);\n            } else if (color) {\n                badge.css(\"background\", color);\n            }\n            badge.data(\"ignore-pressed\", \"true\");\n\n\n        },"
  },
  {
    "tags": [
      {
        "type": "param",
        "types": [
          "string"
        ],
        "name": "target",
        "description": ""
      },
      {
        "type": "title",
        "string": "$.afui.removeBadge(target)"
      }
    ],
    "description": {
      "full": "<p>Removes a badge from the selected target.<br />           <div class=\"highlight\"><pre lang=\"\">           $.afui.removeBadge(\"#mydiv\");<br />           </pre></div></p>",
      "summary": "<p>Removes a badge from the selected target.<br />           <div class=\"highlight\"><pre lang=\"\">           $.afui.removeBadge(\"#mydiv\");<br />           </pre></div></p>",
      "body": ""
    },
    "isPrivate": false,
    "ignore": false,
    "code": "removeBadge: function(target) {\n            $(target).find(\"span.af-badge\").remove();\n        },"
  },
  {
    "tags": [
      {
        "type": "param",
        "types": [
          "string=",
          "number="
        ],
        "name": "text",
        "description": "",
        "name": "value",
        "description": "maximum number of milliseconds to display the mask"
      },
      {
        "type": "title",
        "string": "$.afui.showMask(text, value);"
      }
    ],
    "description": {
      "full": "<p>Show the loading mask with specificed text<br />           <div class=\"highlight\"><pre lang=\"\">           $.afui.showMask()<br />           $.afui.showMask('Fetching data...')<br />           </pre></div></p>",
      "summary": "<p>Show the loading mask with specificed text<br />           <div class=\"highlight\"><pre lang=\"\">           $.afui.showMask()<br />           $.afui.showMask('Fetching data...')<br />           </pre></div></p>",
      "body": ""
    },
    "isPrivate": false,
    "ignore": false,
    "code": "showMask: function(text) {\n            if (!text) text = this.loadingText || \"\";\n            $.query(\"#afui_mask>h1\").html(text);\n            $.query(\"#afui_mask\").show();\n        },"
  },
  {
    "tags": [
      {
        "type": "title",
        "string": "$.afui.hideMask();"
      }
    ],
    "description": {
      "full": "<p>Hide the loading mask<br />            <div class=\"highlight\"><pre lang=\"\">            $.afui.hideMask();<br />            </pre></div></p>",
      "summary": "<p>Hide the loading mask<br />            <div class=\"highlight\"><pre lang=\"\">            $.afui.hideMask();<br />            </pre></div></p>",
      "body": ""
    },
    "isPrivate": false,
    "ignore": false,
    "code": "hideMask: function() {\n            $.query(\"#afui_mask\").hide();\n        },"
  },
  {
    "tags": [],
    "description": {
      "full": "<p>@api private</p>",
      "summary": "<p>@api private</p>",
      "body": ""
    },
    "ignore": false,
    "code": "dismissView:function(target,transition){\n            transition=transition.replace(\":dismiss\",\"\");\n            var theView=$(target).closest(\".view\");\n            this.runTransition(transition,theView,null,true,$(target.hash).addClass(\"active\").closest(\".view\"));\n            //this.activeDiv=target;\n            this.activeDiv=$(\".view\").not(theView).find(\".panel.active\").get(0);\n            this.updateHash(this.activeDiv.id);\n        },"
  },
  {
    "tags": [
      {
        "type": "param",
        "types": [
          "string"
        ],
        "name": "target",
        "description": ""
      },
      {
        "type": "param",
        "types": [
          "boolean="
        ],
        "name": "newtab",
        "description": "(resets history)"
      },
      {
        "type": "param",
        "types": [
          "boolean="
        ],
        "name": "go",
        "description": "back (initiate the back click)"
      },
      {
        "type": "param",
        "types": [
          "string="
        ],
        "name": "transition",
        "description": ""
      },
      {
        "type": "param",
        "types": [
          "object="
        ],
        "name": "anchor",
        "description": ""
      },
      {
        "type": "title",
        "string": "$.afui.loadContent(target, newTab, goBack, transition, anchor);"
      },
      {
        "type": "api",
        "visibility": "public"
      }
    ],
    "description": {
      "full": "<p>This is called to initiate a transition or load content via ajax.<br />We can pass in a hash+id or URL.<br />           <div class=\"highlight\"><pre lang=\"\">           $.afui.loadContent(\"#main\",false,false,\"up\");<br />           </pre></div></p>",
      "summary": "<p>This is called to initiate a transition or load content via ajax.<br />We can pass in a hash+id or URL.<br />           <div class=\"highlight\"><pre lang=\"\">           $.afui.loadContent(\"#main\",false,false,\"up\");<br />           </pre></div></p>",
      "body": ""
    },
    "isPrivate": false,
    "ignore": false,
    "code": "loadContent: function(target, newView, back, transition, anchor) {\n\n            if (this.doingTransition) {\n                return;\n            }\n\n            if (target.length === 0) return;\n            if(target.indexOf(\"#\")!==-1){\n                this.loadDiv(target, newView, back, transition,anchor);\n            }\n            else{\n                this.loadAjax(target, newView, back, transition,anchor);\n            }\n        },"
  },
  {
    "tags": [
      {
        "type": "param",
        "types": [
          "string"
        ],
        "name": "target",
        "description": ""
      },
      {
        "type": "param",
        "types": [
          "boolean="
        ],
        "name": "newview",
        "description": "(resets history)"
      },
      {
        "type": "param",
        "types": [
          "boolean="
        ],
        "name": "back",
        "description": "Go back (initiate the back click)"
      },
      {
        "type": "param",
        "types": [
          "string="
        ],
        "name": "transition",
        "description": ""
      },
      {
        "type": "title",
        "string": "$.afui.loadDiv(target,newTab,goBack,transition);"
      },
      {
        "type": "api",
        "visibility": "private"
      }
    ],
    "description": {
      "full": "<p>This is called internally by loadContent.  Here we are loading a div instead of an Ajax link<br />           <div class=\"highlight\"><pre lang=\"\">           $.afui.loadDiv(\"#main\",false,false,\"up\");<br />           </pre></div></p>",
      "summary": "<p>This is called internally by loadContent.  Here we are loading a div instead of an Ajax link<br />           <div class=\"highlight\"><pre lang=\"\">           $.afui.loadDiv(\"#main\",false,false,\"up\");<br />           </pre></div></p>",
      "body": ""
    },
    "isPrivate": true,
    "ignore": false,
    "code": "loadDiv: function(target, newView, back, transition,anchor) {\n            // load a div\n            var newDiv = target.replace(\"#\", \"\");\n\n            var slashIndex = newDiv.indexOf(\"/\");\n            var hashLink = \"\";\n            var what=target;\n            if (slashIndex !== -1) {\n                // Ignore everything after the slash for loading\n                hashLink = what.substr(slashIndex);\n                newDiv = what.substr(0, slashIndex);\n            }\n\n            newDiv = $.query(\"#\" + newDiv).get(0);\n\n            if (!newDiv) {\n                $(document).trigger(\"missingpanel\", null, {missingTarget: target});\n                this.doingTransition=false;\n                return;\n            }\n\n            if (newDiv === this.activeDiv && !back) {\n                //toggle the menu if applicable\n                this.doingTransition=false;\n                return;\n            }\n\n            this.transitionType = transition;\n\n            var view=this.findViewTarget(newDiv);\n            var previous=this.findPreviousPanel(newDiv,view);\n\n\n\n            //check current view\n            var currentView;\n            if(anchor){\n                currentView=this.findViewTarget(anchor);\n            }\n            else\n                currentView=this.findViewTarget(this.activeDiv);\n\n            //Check if we are dealing with the same view\n\n            var isSplitViewParent=(currentView&&currentView.get(0)!==view.get(0)&&currentView.closest(\".splitview\").get(0)===view.closest(\".splitview\").get(0)&&currentView.closest(\".splitview\").length!==0);\n            if(isSplitViewParent){\n                newView=false;\n            }\n            $(newDiv).trigger(\"panelbeforeload\");\n            $(previous).trigger(\"panelbeforeunload\");\n            var isNewView=false;\n\n            if(!isSplitViewParent&&(newView||currentView&&currentView.get(0)!==view.get(0))){\n                //Need to transition the view\n                newView=currentView||newView;\n                this.runViewTransition(transition,view,newView,newDiv,back);\n                this.updateViewHistory(view,newDiv,transition,target);\n                isNewView=true;\n            }\n            else{\n                this.runTransition(transition,previous, newDiv, back);\n                this.updateViewHistory(view,newDiv,transition,target);\n            }\n\n            //Let's check if it has a function to run to update the data\n            //Need to call after parsePanelFunctions, since new headers can override\n            this.loadContentData(newDiv,view,false,isNewView);\n\n        },"
  },
  {
    "tags": [],
    "description": {
      "full": "<p>@api private</p>",
      "summary": "<p>@api private</p>",
      "body": ""
    },
    "ignore": false,
    "code": "findViewTarget:function(panel){\n            var view=$(panel).closest(\".view\");\n            if(!view) return false;\n            if(!this.views[view.prop(\"id\")])\n                this.views[view.prop(\"id\")]=[];\n            return view;\n        },"
  },
  {
    "tags": [],
    "description": {
      "full": "<p>@api private</p>",
      "summary": "<p>@api private</p>",
      "body": ""
    },
    "ignore": false,
    "code": "findPreviousPanel:function(div,view){\n            var item=$(view).find(\".panel.active\").not(div);\n            if(item.length===0)\n                item=$(view).find(\".panel:first-of-type\");\n            return item.get(0);\n        },"
  },
  {
    "tags": [
      {
        "type": "param",
        "types": [
          "string"
        ],
        "name": "target",
        "description": ""
      },
      {
        "type": "param",
        "types": [
          "boolean="
        ],
        "name": "newtab",
        "description": "(resets history)"
      },
      {
        "type": "param",
        "types": [
          "boolean="
        ],
        "name": "go",
        "description": "back (initiate the back click)"
      },
      {
        "type": "title",
        "string": "$.afui.loadContentData(target,newTab,goBack);"
      },
      {
        "type": "api",
        "visibility": "private"
      }
    ],
    "description": {
      "full": "<p>This is called internally by loadDiv.  This sets up the back button in the header and scroller for the panel<br />           <div class=\"highlight\"><pre lang=\"\">           $.afui.loadContentData(\"#main\",false,false,\"up\");<br />           </pre></div></p>",
      "summary": "<p>This is called internally by loadDiv.  This sets up the back button in the header and scroller for the panel<br />           <div class=\"highlight\"><pre lang=\"\">           $.afui.loadContentData(\"#main\",false,false,\"up\");<br />           </pre></div></p>",
      "body": ""
    },
    "isPrivate": true,
    "ignore": false,
    "code": "loadContentData: function(what,view,back,isNewView) {\n            this.activeDiv = what;\n            this.setTitle(what,view,back,isNewView);\n            this.showBackButton(view,isNewView);\n            this.setActiveTab(what,view);\n        },"
  },
  {
    "tags": [],
    "description": {
      "full": "<p>Set the active tab in the footer<br />         <div class=\"highlight\"><pre lang=\"\">         $.afui.setActiveTab(\"main\",currView)<br />         </pre></div><br />         @param {string|Node} id or DOM node for footer tab<br />         @param {Node} DOM node of the current view to set the footer<br />         @title $.afui.setActiveTab</p>",
      "summary": "<p>Set the active tab in the footer<br />         <div class=\"highlight\"><pre lang=\"\">         $.afui.setActiveTab(\"main\",currView)<br />         </pre></div><br />         @param {string|Node} id or DOM node for footer tab<br />         @param {Node} DOM node of the current view to set the footer<br />         @title $.afui.setActiveTab</p>",
      "body": ""
    },
    "ignore": false,
    "code": "setActiveTab:function(ele,view){\n            var hash;\n            if(typeof(ele)!==\"string\")\n                hash=$(ele).prop(\"id\");\n            hash=\"#\"+hash;\n            view.find(\"footer\").find(\"a\").removeClass(\"pressed\").attr(\"data-ignore-pressed\",\"true\").filter(\"[href='\"+hash+\"']\").addClass(\"pressed\");\n        },"
  },
  {
    "tags": [],
    "description": {
      "full": "<p>Show or hide the back button<br />         <div class=\"highlight\"><pre lang=\"\">         $.afui.showBackButton(view,isNewView)<br />         </pre></div><br />         @param {Node} DOM node of current view<br />         @param {boolean} Are we loading a new view (hide the back button)<br />         @title $.afui.showBackButton</p>",
      "summary": "<p>Show or hide the back button<br />         <div class=\"highlight\"><pre lang=\"\">         $.afui.showBackButton(view,isNewView)<br />         </pre></div><br />         @param {Node} DOM node of current view<br />         @param {boolean} Are we loading a new view (hide the back button)<br />         @title $.afui.showBackButton</p>",
      "body": ""
    },
    "ignore": false,
    "code": "showBackButton:function(view,isNewView) {\n            var items=(this.views[view.prop(\"id\")].length);\n            var hdr=view.children(\"header\");\n            if(hdr.length===0) return;\n\n            if(items>=2&&isNewView!==true){\n                //Add the back button if it's not there\n                if(hdr.find(\".backButton\").length===1) return;\n                hdr.prepend(\"<a class='backButton back'>Back</a>\");\n            }\n            else {\n                hdr.find(\".backButton\").remove();\n            }\n        },"
  },
  {
    "tags": [
      {
        "type": "param",
        "types": [
          "string"
        ],
        "name": "target",
        "description": ""
      },
      {
        "type": "param",
        "types": [
          "boolean="
        ],
        "name": "newtab",
        "description": "(resets history)"
      },
      {
        "type": "param",
        "types": [
          "boolean="
        ],
        "name": "go",
        "description": "back (initiate the back click)"
      },
      {
        "type": "param",
        "types": [
          "string="
        ],
        "name": "transition",
        "description": ""
      },
      {
        "type": "param",
        "types": [
          "object="
        ],
        "name": "anchor",
        "description": ""
      },
      {
        "type": "title",
        "string": "$.afui.loadDiv(target,newTab,goBack,transition);"
      },
      {
        "type": "api",
        "visibility": "private"
      }
    ],
    "description": {
      "full": "<p>This is called internally by loadContent.  Here we are using Ajax to fetch the data<br />           <div class=\"highlight\"><pre lang=\"\">           $.afui.loadDiv(\"page.html\",false,false,\"up\");<br />           </pre></div></p>",
      "summary": "<p>This is called internally by loadContent.  Here we are using Ajax to fetch the data<br />           <div class=\"highlight\"><pre lang=\"\">           $.afui.loadDiv(\"page.html\",false,false,\"up\");<br />           </pre></div></p>",
      "body": ""
    },
    "isPrivate": true,
    "ignore": false,
    "code": "loadAjax: function(target, newTab, back, transition, anchor) {\n            var that=this;\n            var crc=crc32(target);\n            var found=$(\".panel[data-crc='\"+crc+\"']\");\n            var forceRefresh=anchor.getAttribute(\"data-refresh\");\n\n            if(found.length>0){\n\n                if(forceRefresh){\n                    that.showLoading&&that.showMask(\"Loading Content\");\n                    $.ajax(target).then(function(res){\n                        found.html(res);\n                        that.showLoading&&that.hideMask();\n                        return that.loadContent(\"#\"+found.prop(\"id\"),newTab,back,transition,anchor);\n                    });\n                }\n                else\n                    return that.loadContent(\"#\"+found.prop(\"id\"),newTab,back,transition,anchor);\n            }\n            that.showLoading&&that.showMask(\"Loading Content\");\n            $.ajax(target).then(function(res){\n                var $res=$.create(\"div\",{html:res});\n                if(!$res.hasClass(\".panel\")){\n                    $res=$res.attr(\"data-title\",(target));\n                    $res.prop(\"id\",crc);\n                    $res.addClass(\"panel\");\n                }\n                else {\n                    $res=$res.find(\".panel\");\n                }\n                $(that.activeDiv).closest(\".pages\").append($res);\n                $res.attr(\"data-crc\",crc);\n                that.showLoading&&that.hideMask();\n                that.loadContent(\"#\"+$res.prop(\"id\"),newTab,back,transition,anchor);\n            }).fail(function(res){\n                that.showLoading&&that.hideMask();\n                console.log(\"Error with ajax request\",res);\n            });\n\n        },"
  },
  {
    "tags": [
      {
        "type": "api",
        "visibility": "private"
      },
      {
        "type": "title",
        "string": "$.afui.runTransition(transition,oldDiv,currDiv,back)"
      }
    ],
    "description": {
      "full": "<p>This executes the transition for the panel<br />            <div class=\"highlight\"><pre lang=\"\">            $.afui.runTransition(transition,oldDiv,currDiv,back)<br />            </pre></div></p>",
      "summary": "<p>This executes the transition for the panel<br />            <div class=\"highlight\"><pre lang=\"\">            $.afui.runTransition(transition,oldDiv,currDiv,back)<br />            </pre></div></p>",
      "body": ""
    },
    "isPrivate": true,
    "ignore": false,
    "code": "runTransition: function(transition,previous,target, back,noTrans) {\n\n            if(!transition)\n                transition=\"slide\";\n\n            if(transition.indexOf(\":back\")!==-1){\n                transition=transition.replace(\":back\",\"\");\n                back=true;\n            }\n\n            var that=this;\n            var show=back?previous:target;\n            var hide=back?target:previous;\n            var doPush=false;\n            if(transition.indexOf(\"-reveal\")!==-1){\n                transition=transition.replace(\"-reveal\",\"\");\n                doPush=true;\n            }\n\n\n            $(show).css(\"zIndex\",\"10\");\n            $(hide).css(\"zIndex\",\"1\");\n            $(noTrans).css(\"zIndex\",\"1\").addClass(\"active\");\n\n            var from=$(hide).animation().remove(transition+\"-in\");\n            if(!doPush&&from){\n                if(back)\n                    from.reverse();\n                from.end(function(){\n                    if(!back){\n                        this.classList.remove(\"active\");\n                        $(this).trigger(\"panelunload\");\n                    }\n                    else{\n\n                        this.classList.add(\"active\");\n                        $(this).trigger(\"panelload\");\n                    }\n                    that.doingTransition=false;\n                }).run(transition+\"-out\");\n            }\n            else {\n                if(!back){\n                    $(hide).trigger(\"panelunload\");\n                }\n                else{\n                    $(hide).trigger(\"panelload\");\n                    $(hide).addClass(\"activeDiv\");\n\n                }\n            }\n\n            var to=$(show).animation().remove(transition+\"-out\");\n            if(back)\n                to.reverse();\n            to.end(function(){\n                that.doingTransition=false;\n                if(!back){\n\n                    this.classList.add(\"active\");\n                    $(this).trigger(\"panelload\");\n                    $(noTrans).trigger(\"panelload\");\n                }\n                else{\n                    if(noTrans){\n                        $(noTrans).css(\"zIndex\",\"10\");\n\n                    }\n\n                    this.classList.remove(\"active\");\n                    $(this).trigger(\"panelunload\");\n                }\n            }).run(transition+\"-in\");\n        },"
  },
  {
    "tags": [
      {
        "type": "api",
        "visibility": "private"
      },
      {
        "type": "title",
        "string": "$.afui.runViewTransition(transition,view, active, newDiv,back)"
      }
    ],
    "description": {
      "full": "<p>This executes the transition of a view<br />            <div class=\"highlight\"><pre lang=\"\">            $.afui.runViewTransition(transition,view, active, newDiv,back)<br />            </pre></div></p>",
      "summary": "<p>This executes the transition of a view<br />            <div class=\"highlight\"><pre lang=\"\">            $.afui.runViewTransition(transition,view, active, newDiv,back)<br />            </pre></div></p>",
      "body": ""
    },
    "isPrivate": true,
    "ignore": false,
    "code": "runViewTransition:function(transition,view,active,newDiv,back){\n            //find the active\n\n            view.addClass(\"active\");\n            //view.find(\".panel\").removeClass(\"active\");\n            $(newDiv).addClass(\"active\");\n\n            if(transition===\"none\"){\n                this.doingTransition=false;\n\n                setTimeout(function(){\n                    active.removeClass(\"active\");\n                },50);\n\n                return;\n            }\n            this.runTransition(transition,active,view,back,newDiv);\n        },"
  },
  {
    "tags": [
      {
        "type": "param",
        "types": [
          "Node"
        ],
        "name": "DOM",
        "description": "node for view"
      },
      {
        "type": "param",
        "types": [
          "Node"
        ],
        "name": "DOM",
        "description": "node for div adding to the history"
      },
      {
        "type": "param",
        "types": [
          "string"
        ],
        "name": "string",
        "description": "for the transition"
      },
      {
        "type": "param",
        "types": [
          "string"
        ],
        "name": "string",
        "description": "of the hash for the div"
      },
      {
        "type": "api",
        "visibility": "private"
      },
      {
        "type": "title",
        "string": "$.afui.updateViewHistory(view, div, transition, target)"
      }
    ],
    "description": {
      "full": "<p>This updates the history of the view cache<br />            <div class=\"highlight\"><pre lang=\"\">            $.afui.updateViewHistory(view, div, transition, target)<br />            </pre></div></p>",
      "summary": "<p>This updates the history of the view cache<br />            <div class=\"highlight\"><pre lang=\"\">            $.afui.updateViewHistory(view, div, transition, target)<br />            </pre></div></p>",
      "body": ""
    },
    "isPrivate": true,
    "ignore": false,
    "code": "updateViewHistory:function(view,div,transition,target){\n            var ref=this.views[view.prop(\"id\")];\n            if(!ref)\n                ref=this.views[view.prop(\"id\")]=[];\n            if(ref.length>=1&&ref[ref.length-1].target===div) return;\n            //pushHistory: function(previousPage, newPage, transition, hashExtras) {)\n            this.pushHistory(div.id,div.id,transition,target.replace(div.id,\"\").replace(\"#\",\"\"));\n            this.views[view.prop(\"id\")].push({\n                target:div,\n                transition:transition\n            });\n        },"
  },
  {
    "tags": [
      {
        "type": "title",
        "string": "$.afui.launch();"
      }
    ],
    "description": {
      "full": "<p>This is callled when you want to launch afui.  If autoLaunch is set to true, it gets called on DOMContentLoaded.<br />If autoLaunch is set to false, you can manually invoke it.<br />           <div class=\"highlight\"><pre lang=\"\">           $.afui.autoLaunch=false;<br />           $.afui.launch();<br />           </pre></div></p>",
      "summary": "<p>This is callled when you want to launch afui.  If autoLaunch is set to true, it gets called on DOMContentLoaded.<br />If autoLaunch is set to false, you can manually invoke it.<br />           <div class=\"highlight\"><pre lang=\"\">           $.afui.autoLaunch=false;<br />           $.afui.launch();<br />           </pre></div></p>",
      "body": ""
    },
    "isPrivate": false,
    "ignore": false,
    "code": "launch: function() {\n            if (this.hasLaunched === false || this.launchCompleted) {\n                this.hasLaunched = true;\n                return;\n            }\n            if(this.isLaunching)\n                return true;\n            this.isLaunching=true;\n            this.blockPageBounce();\n            var that = this;\n\n            var maskDiv = $.create(\"div\", {\n                id: \"afui_mask\",\n                className: \"ui-loader\",\n                html: \"<span class='ui-icon ui-icon-loading spin'></span><h1>Loading Content</h1>\"\n            }).css({\n                \"z-index\": 20000,\n                display: \"none\"\n            });\n            document.body.appendChild(maskDiv.get(0));\n            //setup modalDiv\n            //get first div, defer\n\n            var first=$(\".view[data-default='true']\");\n            if(first.length===0)\n                first=$(\".view\").eq(0);\n            else\n                throw (\"You need to create a view\");\n\n            first.addClass(\"active\");\n            //history\n            this.views[first.prop(\"id\")]=[];\n            var firsthash=window.location.hash;\n            var firstPanel=first.find(\".panel[data-selected='true']\").length===0?first.find(\".panel\").eq(0):first.find(\".panel[data-selected='true']\");\n            firstPanel.addClass(\"active\");\n            this.activeDiv=firstPanel.get(0);\n            this.views[first.prop(\"id\")].push({\n                target:firstPanel.get(0),\n                transition:this.transitionType\n            });\n            this.defaultPanel=firstPanel.get(0);\n            this.loadContentData(firstPanel.get(0),first,false,true);\n            this.updateHash(firstPanel.get(0).id);\n\n            if(this.loadDefaultHash){\n                //delay launch so events can be registered/handled\n\n                setTimeout(function(){\n                    this.loadContent(firsthash,false,0,\"none\");\n\n                }.bind(this));\n            }\n            this.enableTabBar();\n\n            $(document).on(\"click\", \"a\", function(e) {\n                if(that.useInternalRouting)\n                    checkAnchorClick(e, e.currentTarget);\n            });"
  },
  {
    "tags": [],
    "description": {
      "full": "<p>This is our data directive processor</p>",
      "summary": "<p>This is our data directive processor</p>",
      "body": ""
    },
    "ignore": false,
    "code": "$(document).on(\"click\",function(e){\n\n                var len=clickHandlers.length;\n                var $el=$(e.target);\n                for(var i=0;i<len;i++){\n                    var handler=clickHandlers[i];\n                    var checker=$el.closest(handler.sel);\n                    if(checker.length>0)\n                        handler.cb.call(that,checker.get(0),e);\n                }\n            });\n\n            $(document).on(\"click\", \".backButton, [data-back]\", that.goBack.bind(that));\n            //Check for includes\n\n            var items=$(\"[data-include]\");\n            if(items.length===0){\n                this.launchCompleted=true;\n                $(document).trigger(\"afui:ready\");\n            }\n            else{\n                var deferred=[];\n                items.each(function(){\n                    var url=this.getAttribute(\"data-include\");\n                    var self=$(this);\n                    deferred.push($.get(url,function(res){\n                        self.append(res);\n                    }));\n                });\n                $.when.apply($,deferred).then(function(){\n                    this.launchCompleted=true;\n                    $(document).trigger(\"afui:ready\");\n                }).fail(function(){\n                    this.launchCompleted=true;\n                    $(document).trigger(\"afui:ready\");\n                });\n            }\n\n            $(document).on(\"click\",\"footer a:not(.button)\",function(e){\n                var $item=$(e.target);\n                $item.parent().find(\"a:not(.button)\").attr(\"data-ignore-pressed\",\"true\").removeClass(\"pressed\");\n                $item.addClass(\"pressed\");\n            });\n        }"
  },
  {
    "tags": [
      {
        "type": "api",
        "visibility": "private"
      }
    ],
    "description": {
      "full": "<p>END</p>",
      "summary": "<p>END</p>",
      "body": ""
    },
    "isPrivate": true,
    "ignore": false,
    "code": "};\n\n\n    //lookup for a clicked anchor recursively and fire UI own actions when applicable\n    var checkAnchorClick = function(e, theTarget) {\n        theTarget=theTarget||e.currentTarget;\n        if (theTarget === document) {\n            return;\n        }\n\n        //this technique fails when considerable content exists inside anchor, should be recursive ?\n        if (theTarget.tagName.toLowerCase() !== \"a\" && theTarget.parentNode) return checkAnchorClick(e, theTarget.parentNode); //let's try the parent (recursive)\n        //anchors\n        if (theTarget.tagName !== \"undefined\" && theTarget.tagName.toLowerCase() === \"a\") {\n            if (theTarget.href.toLowerCase().indexOf(\"javascript:\") !== -1 || theTarget.getAttribute(\"data-ignore\")) {\n                return;\n            }"
  },
  {
    "tags": [],
    "description": {
      "full": "<p>IE 10 fixes</p>",
      "summary": "<p>IE 10 fixes</p>",
      "body": ""
    },
    "ignore": false,
    "code": "var href = theTarget.href,\n                prefix = location.protocol + \"//\" + location.hostname + \":\" + location.port + location.pathname;\n            if (href.indexOf(prefix) === 0) {\n                href = href.substring(prefix.length);\n            }\n            //empty links\n            if (href === \"#\" || (href.indexOf(\"#\") === href.length - 1) || (href.length === 0 && theTarget.hash.length === 0)) return e.preventDefault();\n\n            //internal links\n            //http urls\n            var urlRegex=/^((http|https|file):\\/\\/)/;\n            //only call prevent default on http/fileurls.  If it's a protocol handler, do not call prevent default.\n            //It will fall through to the ajax call and fail\n            if(theTarget.href.indexOf(\":\") !== -1 &&urlRegex.test(theTarget.href))\n                e.preventDefault();\n\n            var mytransition = theTarget.getAttribute(\"data-transition\");\n            if(!mytransition&&$(theTarget).closest(\"footer\").length>0)\n                mytransition=\"none\";\n\n            if(mytransition&&mytransition.indexOf(\":dismiss\")!==-1){\n                return $.afui.dismissView(theTarget,mytransition);\n            }\n            href = theTarget.hash.length > 0 ? theTarget.hash : href;\n            $.afui.loadContent(href, false, 0, mytransition, theTarget);\n            return;\n        }\n    };\n\n    var table = \"00000000 77073096 EE0E612C 990951BA 076DC419 706AF48F E963A535 9E6495A3 0EDB8832 79DCB8A4 E0D5E91E 97D2D988 09B64C2B 7EB17CBD E7B82D07 90BF1D91 1DB71064 6AB020F2 F3B97148 84BE41DE 1ADAD47D 6DDDE4EB F4D4B551 83D385C7 136C9856 646BA8C0 FD62F97A 8A65C9EC 14015C4F 63066CD9 FA0F3D63 8D080DF5 3B6E20C8 4C69105E D56041E4 A2677172 3C03E4D1 4B04D447 D20D85FD A50AB56B 35B5A8FA 42B2986C DBBBC9D6 ACBCF940 32D86CE3 45DF5C75 DCD60DCF ABD13D59 26D930AC 51DE003A C8D75180 BFD06116 21B4F4B5 56B3C423 CFBA9599 B8BDA50F 2802B89E 5F058808 C60CD9B2 B10BE924 2F6F7C87 58684C11 C1611DAB B6662D3D 76DC4190 01DB7106 98D220BC EFD5102A 71B18589 06B6B51F 9FBFE4A5 E8B8D433 7807C9A2 0F00F934 9609A88E E10E9818 7F6A0DBB 086D3D2D 91646C97 E6635C01 6B6B51F4 1C6C6162 856530D8 F262004E 6C0695ED 1B01A57B 8208F4C1 F50FC457 65B0D9C6 12B7E950 8BBEB8EA FCB9887C 62DD1DDF 15DA2D49 8CD37CF3 FBD44C65 4DB26158 3AB551CE A3BC0074 D4BB30E2 4ADFA541 3DD895D7 A4D1C46D D3D6F4FB 4369E96A 346ED9FC AD678846 DA60B8D0 44042D73 33031DE5 AA0A4C5F DD0D7CC9 5005713C 270241AA BE0B1010 C90C2086 5768B525 206F85B3 B966D409 CE61E49F 5EDEF90E 29D9C998 B0D09822 C7D7A8B4 59B33D17 2EB40D81 B7BD5C3B C0BA6CAD EDB88320 9ABFB3B6 03B6E20C 74B1D29A EAD54739 9DD277AF 04DB2615 73DC1683 E3630B12 94643B84 0D6D6A3E 7A6A5AA8 E40ECF0B 9309FF9D 0A00AE27 7D079EB1 F00F9344 8708A3D2 1E01F268 6906C2FE F762575D 806567CB 196C3671 6E6B06E7 FED41B76 89D32BE0 10DA7A5A 67DD4ACC F9B9DF6F 8EBEEFF9 17B7BE43 60B08ED5 D6D6A3E8 A1D1937E 38D8C2C4 4FDFF252 D1BB67F1 A6BC5767 3FB506DD 48B2364B D80D2BDA AF0A1B4C 36034AF6 41047A60 DF60EFC3 A867DF55 316E8EEF 4669BE79 CB61B38C BC66831A 256FD2A0 5268E236 CC0C7795 BB0B4703 220216B9 5505262F C5BA3BBE B2BD0B28 2BB45A92 5CB36A04 C2D7FFA7 B5D0CF31 2CD99E8B 5BDEAE1D 9B64C2B0 EC63F226 756AA39C 026D930A 9C0906A9 EB0E363F 72076785 05005713 95BF4A82 E2B87A14 7BB12BAE 0CB61B38 92D28E9B E5D5BE0D 7CDCEFB7 0BDBDF21 86D3D2D4 F1D4E242 68DDB3F8 1FDA836E 81BE16CD F6B9265B 6FB077E1 18B74777 88085AE6 FF0F6A70 66063BCA 11010B5C 8F659EFF F862AE69 616BFFD3 166CCF45 A00AE278 D70DD2EE 4E048354 3903B3C2 A7672661 D06016F7 4969474D 3E6E77DB AED16A4A D9D65ADC 40DF0B66 37D83BF0 A9BCAE53 DEBB9EC5 47B2CF7F 30B5FFE9 BDBDF21C CABAC28A 53B39330 24B4A3A6 BAD03605 CDD70693 54DE5729 23D967BF B3667A2E C4614AB8 5D681B02 2A6F2B94 B40BBE37 C30C8EA1 5A05DF1B 2D02EF8D\";",
    "ctx": {
      "type": "declaration",
      "name": "href",
      "value": "theTarget.href,",
      "string": "href"
    }
  },
  {
    "tags": [],
    "description": {
      "full": "<p>Number</p>",
      "summary": "<p>Number</p>",
      "body": ""
    },
    "ignore": false,
    "code": "var crc32 = function(",
    "ctx": {
      "type": "function",
      "name": "crc32",
      "string": "crc32()"
    }
  },
  {
    "tags": [],
    "description": {
      "full": "<p>String</p>",
      "summary": "<p>String</p>",
      "body": ""
    },
    "ignore": false,
    "code": "str,"
  },
  {
    "tags": [],
    "description": {
      "full": "<p>Number</p>",
      "summary": "<p>Number</p>",
      "body": ""
    },
    "ignore": false,
    "code": "crc) {\n        if (crc === undefined) crc = 0;\n        var n = 0; //a number between 0 and 255\n        var x = 0; //an hex number\n        crc = crc ^ (-1);\n        for (var i = 0, iTop = str.length; i < iTop; i++) {\n            n = (crc ^ str.charCodeAt(i)) & 0xFF;\n            x = \"0x\" + table.substr(n * 9, 8);\n            crc = (crc >>> 8) ^ x;\n        }\n        return (crc ^ (-1))>>>0;\n    };\n\n    $.afui = new AFUi();\n    $.afui.init=true;\n\n    $(window).trigger(\"afui:preinit\");\n    $(window).trigger(\"afui:init\");\n})(jQuery);"
  }
]
